train	1		I L A P 
train	1		L G P V R G P F P I 
train	1		Y P V E P F T E S Q 
train	1		Y F 
train	1		V Y P F P G P 
train	1		S P G S S G P Q G F T G 
train	1		G G 
train	1		Q Q R R L L R R K 
train	1		P A C G G F W I S G R P G 
train	1		W Y 
train	1		D Q 
train	1		M L 
train	1		L C S E K L D Q 
train	1		I I A P 
train	1		C K D D Q N P H S S 
train	1		H H M P 
train	1		K R 
train	1		P T 
train	1		K V S V V P S 
train	1		V P P F L Q P E V 
train	1		I I 
train	1		E M P F P K Y P 
train	1		R W 
train	1		K I 
train	1		A F 
train	1		P P L T Q 
train	1		V L G P 
train	1		G G P A G P A V 
train	1		I M 
train	1		M P F P K 
train	1		M C P V D P N I E 
train	1		W W W 
train	1		N A N E E E Y 
train	1		Y P F P G P I P 
train	1		W P 
train	1		E V T F P A 
train	1		D V T F P A 
train	1		H I 
train	1		L A P S T M 
train	1		L S F M 
train	1		S L P Q N I P P L T Q T P 
train	1		L E E L 
train	1		Y P F P G P I P N 
train	1		L V Y P F P G P I P N S L P Q N I P P 
train	1		K V 
train	1		S P V V P F 
train	1		M Y 
train	1		G P G S P G G P L 
train	1		L Y Q G P I V L N P W D Q V K 
train	1		M A P T S S S T K K T Q L 
train	1		L H S M K 
train	1		G W 
train	1		V F 
train	1		D T Q A I V Q N N D 
train	1		D L T F P A 
train	1		L Y Q E P V L G P V R 
train	1		M G P V D P N I E 
train	1		V I 
train	1		Q P Q 
train	1		P A 
train	1		Q P F 
train	1		F Y P E L F 
train	1		L S E R R M L L R K E K Q A Q 
train	1		T S G Y D T Q A I V 
train	1		M F P V D P N I E 
train	1		P H 
train	1		Q Q 
train	1		M I P V D P N I E 
train	1		N A V P I T P T L N R 
train	1		Q P L P P T V M F P P Q 
train	1		Y P V E P F T 
train	1		R P C F 
train	1		V G G S D L Q A L K 
train	1		M K 
train	1		L V Y P F P G P I P N S L P Q N I P P L T Q T P V V V P P F 
train	1		Y N L K E R Y A A W 
train	1		G P K G D R G L P G P P G R D G M 
train	1		I S Q E T 
train	1		L K P T P E G D L E I L 
train	1		G L V G P D A G K E M G 
train	1		S V 
train	1		A M A P K H K E M P F P K Y P V E P 
train	1		W R Q 
train	1		F T E S Q S 
train	1		V H S P 
train	1		I P A V F K 
train	1		T P V V V P P F L Q P E V 
train	1		H V 
train	1		P Y 
train	1		T F 
train	1		H F 
train	1		G A 
train	1		V W 
train	1		R A S D P L L S V 
train	1		R P 
train	1		G P V A 
train	1		Q P H Q P L P P T V M F P P Q S V 
train	1		T D 
train	1		T N 
train	1		P P G P T G P R G Q P G N I G F 
train	1		M G 
train	1		W D 
train	1		Y M 
train	1		W M H Q P H Q P L P P T 
train	1		L T L 
train	1		F P E V F G K E 
train	1		V P P F L Q P E 
train	1		E H 
train	1		E S 
train	1		E V 
train	1		Y P S Y G L N Y Y 
train	1		W R 
train	1		L P T E V 
train	1		G P F P I L V 
train	1		I L L P G A Q D G L 
train	1		G Y G G V S L P E W 
train	1		Y P 
train	1		D N 
train	1		L P P 
train	1		A P F P E 
train	1		T T A G L L E 
train	1		Q P L P P T V 
train	1		T P 
train	1		A L K 
train	1		K A 
train	1		I P P L 
train	1		D R 
train	1		H T 
train	1		T I 
train	1		W R I 
train	1		M F 
train	1		M M P V D P N I E 
train	1		L K P T P E G D L 
train	1		N F 
train	1		N T 
train	1		D P F 
train	1		E P M I G V N Q E L A Y F 
train	1		T P E V D D E A L E K 
train	1		R K 
train	1		I L 
train	1		A M P V Q A V L P 
train	1		M I 
train	1		L K G Y G G V S L P E 
train	1		A I A V 
train	1		Q F A D G 
train	1		E P V L G P V R G P F P I I 
train	1		F V A P F P E V F 
train	1		R N 
train	1		F Y 
train	1		W R K 
train	1		V Y P F P G P I P N S L P Q N I P P 
train	1		P P P P 
train	1		H A 
train	1		E P M I G V N Q E L A Y 
train	1		P P L T Q T P V 
train	1		E Q L T K C E V F R 
train	1		V S 
train	1		S I V L Q E Q S L Q 
train	1		Y T 
train	1		L Q P 
train	1		A L P M H I R 
train	1		S W 
train	1		S L 
train	1		T P V V V P P F L Q P E V M 
train	1		K P 
train	1		Y P F P G P 
train	1		L Q P E V M G 
train	1		W R L 
train	1		V R G P F P 
train	1		H P 
train	1		M D I V D P N I E 
train	1		W R H 
train	1		P I 
train	1		Y Y 
train	1		S I 
train	1		L S Q S K V L P V P Q K 
train	1		M W P N G S S L G 
train	1		E T 
train	1		L Q S W M H Q P H Q P L P P T V M F P P Q S V L 
train	1		N A V P I T P T 
train	1		W M 
train	1		V N 
train	1		T Q 
train	1		I P A V F K I D A L 
train	1		L P 
train	1		F A 
train	1		L Q A L H Q G Q I V 
train	1		A A 
train	1		Q P G 
train	1		P P F L Q P E 
train	1		P P L T Q T P V V V P P F L Q P E 
train	1		R L 
train	1		W R M 
train	1		I P A V F K I D A 
train	1		V L P V P 
train	1		F P G P I P 
train	1		G F 
train	1		H P H P H 
train	1		W H 
train	1		I P A V F 
train	1		F P 
train	1		T A T G L L E 
train	1		K K 
train	1		L S F N P T 
train	1		F F V A P F P E V F G K 
train	1		Q D 
train	1		L P I I D I 
train	1		L T 
train	1		L N F L 
train	1		A V P Y P Q R D M P 
train	1		I H 
train	1		I P P L T Q T 
train	1		F P G P I P N 
train	1		M H Q P P Q P L 
train	1		P P F L Q 
train	1		E P 
train	1		F F S D K 
train	1		L L Q S 
train	1		V L 
train	1		A L A V 
train	1		N N A G V A K P 
train	1		E P M I G V N Q E 
train	1		P N 
train	1		S Y 
train	1		L T Q T P 
train	1		G P F P I I 
train	1		Y I 
train	1		L I V T Q T M K G L D I Q K V A G T W Y S L A M A A S D I S L L D 
train	1		M H 
train	1		M W P 
train	1		N G 
train	1		V L G P V R G P F P 
train	1		M V 
train	1		I G V N Q E L A Y 
train	1		P G V G G P L G P I G P C Y E 
train	1		M A I P P K 
train	1		F Q S E E Q Q Q T E D E L Q D K I H P 
train	1		I P M 
train	1		T R 
train	1		R R D Y 
train	1		V K 
train	1		V P Q L E I V P N 
train	1		W E 
train	1		T W 
train	1		L T F P G S A E D 
train	1		M D P V D P N I E 
train	1		R G 
train	1		Q N P H S S N I C N 
train	1		T M 
train	1		F L M E S H 
train	1		M Q 
train	1		V M 
train	1		P S 
train	1		E W 
train	1		S H 
train	1		G L 
train	1		L T D V E N 
train	1		K L L L R R L Q 
train	1		I A D H F L 
train	1		L P V P 
train	1		V Y P F P G P I P N S L P Q N I P P L T Q T P 
train	1		Q E 
train	1		L V 
train	1		I P S K 
train	1		I P P L T Q T P V 
train	1		A S 
train	1		V A P F P E V F G K 
train	1		I P I Q Y 
train	1		V L D T D Y 
train	1		T K 
train	1		G P A 
train	1		I Q 
train	1		M P 
train	1		L R E N N K L M L L E L K 
train	1		Q G 
train	1		G P V 
train	1		I P P L T Q T P V V V P P F 
train	1		L E Q L L R 
train	1		I P P L T Q T P V V V P P F L Q P E 
train	1		G P G E 
train	1		S P 
train	1		L L 
train	1		V P L G T Q Y 
train	1		N E 
train	1		A P G 
train	1		P P F L Q P E V 
train	1		V P L 
train	1		V K S V V A L 
train	1		W L A H K A L C S E K L D Q 
train	1		L I 
train	1		L P G E R G R P G A P G P 
train	1		L K A L P M H 
train	1		T S 
train	1		P V 
train	1		Y P S Y G L N Y 
train	1		M K P V D P N I E 
train	1		W L A H K A L 
train	1		P P F L Q P E V M 
train	1		L P Q N I P P L 
train	1		W R P 
train	1		M M 
train	1		H L 
train	1		S P A Q I L Q W Q 
train	1		T P E V D D E A L E K F 
train	1		V V Y P W 
train	1		V P I T P T L 
train	1		M A P K H K E M P F P K Y P 
train	1		L Y Q E P V L G P V R G P F P 
train	1		W R G 
train	1		S P Q 
train	1		L P L P L L 
train	1		P F 
train	1		N R 
train	1		N H 
train	1		L Q A F E P L R 
train	1		M E 
train	1		E K 
train	1		Y P S Y 
train	1		W G 
train	1		M R 
train	1		R E Y L L V A Q 
train	1		W A 
train	1		K E 
train	1		W W 
train	1		N M 
train	1		L Y Q E P V L G P 
train	1		P P L T Q T P V V V P P F L Q P E V 
train	1		I T V D D K 
train	1		G P A E 
train	1		L P Q N I P P L T Q T 
train	1		A T 
train	1		M A 
train	1		Y A K P A 
train	1		V P 
train	1		V G L 
train	1		L P V P Q 
train	1		L T Q T P V V V P P F 
train	1		P Q N I P P L 
train	1		W I Q P 
train	1		Y D 
train	1		L L R 
train	1		P P G 
train	1		A M A P K H K E M P F P K Y P 
train	1		M W I V D P N I E 
train	1		V E P 
train	1		Y N 
train	1		E P M I G V 
train	1		P K 
train	1		L N 
train	1		I P 
train	1		M W 
train	1		Q T 
train	1		I P P L T Q T P V V V P P F L Q P E V 
train	1		G Q 
train	1		N V 
train	1		G I 
train	1		S L P Q N I P P 
train	1		A A A A G 
train	1		V V 
train	1		M R P V D P N I E 
train	1		E Y 
train	1		W L 
train	1		L V S G M 
train	1		C A Y Q W Q R P V D R I R 
train	1		H Y 
train	1		V D T F P A 
train	1		W R E 
train	1		I L D K V G I N Y 
train	1		I Q P 
train	1		Y I N Q M P Q K S R E A 
train	1		M W V 
train	1		L T E E E K 
train	1		F L Q P 
train	1		N A 
train	1		Y P E L F R 
train	1		M N 
train	1		T A 
train	1		V Q 
train	1		V D A S L S L K P S F E E 
train	1		L A 
train	1		R P K 
train	1		I H P F A Q T Q 
train	1		L I V T Q T M K 
train	1		G V 
train	1		M Q P V D P N I E 
train	1		F L 
train	1		W I 
train	1		W R S 
train	1		A D 
train	1		N Y 
train	1		T H 
train	1		E P V L G P V R G P F P I 
train	1		S F 
train	1		L V V Y P W T 
train	1		H K E M P F P K Y P V E P 
train	1		N D 
train	1		M P V Q A 
train	1		H E 
train	1		H D 
train	1		I V Y 
train	1		F F V A P F P E V F 
train	1		L P Q N I P P 
train	1		V A 
train	1		Y E 
train	1		I H F 
train	1		Y A 
train	1		G P V G P A G N P G A N G L N 
train	1		I R 
train	1		G P F P I 
train	1		F F 
train	1		L I V T Q 
train	1		W S 
train	1		F V Y P W 
train	1		M V P V D P N I E 
train	1		L A P S L P G K P K P D 
train	1		L L Y Q E P V L G P V R 
train	1		F V A P F P E V F G K 
train	1		Q H 
train	1		G P M 
train	1		T E 
train	1		L L Q 
train	1		V P P F I Q P E 
train	1		D P 
train	1		L S F N P T Q L E E Q 
train	1		L N E N L L R 
train	1		L V Y P F P G P I P N 
train	1		V P G E I V E 
train	1		Q V 
train	1		W R D 
train	1		M E P V D P N I E 
train	1		P A C G G F Y I S G R P G 
train	1		M T P V D P N I E 
train	1		L L A P 
train	1		M P P V D P N I E 
train	1		T G 
train	1		R H 
train	1		Y P Y 
train	1		W C K D D Q N P H S 
train	1		I W 
train	1		E M P F P K Y P V E P 
train	1		L I A P 
train	1		M W P V D P N I E 
train	1		L P Q 
train	1		V F R E L K D L K G 
train	1		V T G R F A G H P A A Q 
train	1		L P Y P Y 
train	1		I Q K E D V P S E R Y 
train	1		A E 
train	1		G P A V 
train	1		W V P V D P N I E 
train	1		Q N 
train	1		K Y 
train	1		N N 
train	1		I V Q N N D S T E Y G L F 
train	1		G Y 
train	1		T Q M V D E E I M E K F R 
train	1		V G 
train	1		A H 
train	1		Q F 
train	1		E I 
train	1		F A L P Q 
train	1		M I M 
train	1		P W 
train	1		Y S 
train	1		R A 
train	1		G P F P I I V 
train	1		F A T G T 
train	1		L P L 
train	1		A P G P A G P 
train	1		E P V L G P V 
train	1		V T 
train	1		G P G A 
train	1		N L 
train	1		L T D V E N L H L P L P L 
train	1		E P V L G P V R G P F 
train	1		W K 
train	1		L S F 
train	1		I P G D P G P P G P P G P 
train	0		G L P V C G E T C V G G T C N T P G C S C S W P V C T R N 
train	0		S A S V R I R Y K K M K V F C P R P 
train	0		L N V L R I I N E P T A A A I 
train	0		A Y P G N G V H C G K Y S C T V D K Q T A I G N I G N N A A 
train	0		P S K I K W G D 
train	0		E P K A I P 
train	0		N I I P A 
train	0		G G L R S L G R K I L R A W K K Y G P I I V P I I R I G 
train	0		E N G D V K F D L I P K E N T E R S H K 
train	0		N F S G F T K G T D I A D L D A V A 
train	0		V P G E I V E S L S 
train	0		H L M Q K I Q R D E D S Y E R D P Y S P 
train	0		R N P I L H F M R L K P K G L N N I 
train	0		D I Q I P G I K K P T H R D I I I P N W N P N V R T Q P W Q R F G G N K S 
train	0		F L S L I P H A I N A V S A L A N H G 
train	0		T P E K E E P T A A P A E P E A P A P E 
train	0		M Q K Y M Q I V R Y L T I L I T L I 
train	0		V R G P F P I I V 
train	0		G I P G E R G P V G P S G 
train	0		K W C F R V C Y R G I C Y R R C R 
train	0		F W G A L A K G A L K L I P S L F S S F S K K D 
train	0		M P F H N I H P L T I G 
train	0		V P R L P E Q G S S S R A E D S P E G 
train	0		V H L P P 
train	0		A T S L S P F Y L R P P S F L R 
train	0		V L D T D Y K 
train	0		D V R I W P L D P S L L G E P 
train	0		L G R S G G D I I K K M Q T L 
train	0		K N Q K K I R G I L E S L M C N E S 
train	0		V A K V N I K P L E D K I L V 
train	0		L F V V Y R D S I P H A A C H 
train	0		A R P S R 
train	0		H P F A Q T Q 
train	0		A Y F Y P E L 
train	0		M S S D S A V A A L S A A M T S P Q K S 
train	0		Q F K R E L R N L P Q Q C G L R A P Q R 
train	0		T K F I L V L T G E E R Q G V 
train	0		A Q G T L S K I F K L G G R D S R S G S P M A R R 
train	0		Q D V H K K L R E W L S K N V 
train	0		E V L Y L K P L A G V Y R S L K K Q 
train	0		V D S I T E V E C F L T P E M 
train	0		L E A K I T M L T N G Q C Q N I T 
train	0		F L P A I V G A A A K F L P K I F C A I S K K C 
train	0		L E D L L M G T L G I V C P I C S Q K P 
train	0		I R F S V R R F H P K L G D K 
train	0		L H L W L P 
train	0		D A Y Y N Y L N N L V L A S Y N R 
train	0		K S C C K N T T G R N I Y N T C R F A G G S R E R C A K L S G C K I I S A S T C P S D Y P K 
train	0		V F E W A F A R 
train	0		F L P I A S L L G K Y L 
train	0		I P Q S L D S W W T S L 
train	0		V R A L E E A N T E L E V K I 
train	0		C I A K G N G C Q P S G V Q G N C C S G H C H K E P G W V A G Y C K 
train	0		S K T S A S I G S L C A D A R M Y G V L P 
train	0		D S H A K R H H G Y K R K F H E K H H S H R G Y R S N Y L Y D N 
train	0		N E N L L R F F V A P F P E 
train	0		K I Y P S F Q P Q P L I Y P 
train	0		R A P R K T S E R S Q P R G R R Q P I P K A R R 
train	0		A A V P V L A F D A A R L R L L E 
train	0		F G G I D D I N Q I G Q S D 
train	0		A P E A P A E Q P K P A P A P 
train	0		L T Q T P V V V P P F 
train	0		Q A P G K G L E W V A V I S Y 
train	0		D L R F L Y P R G K L P V P T L P P F N P K P I Y I D M G N R Y 
train	0		N H L Y E T P I S A T A M V I 
train	0		A N N G N L Q L R N K E V T W E V L E G 
train	0		V A H I N V W K 
train	0		I L M Q Y I K A N S K F I G I 
train	0		F T S L L Q H F S F S V P T G Q P R P S 
train	0		Y K W L P 
train	0		Q T C S P L R V N H A V L A V G Y G T Q 
train	0		A D T L A C R Q S H Q S C S F V A C R A P S V D I G T C R G G K L K C C K W A P S S 
train	0		Y A Y V A R E Q S C R 
train	0		E V R R Y T A R L K E G D V F 
train	0		C V L Y R Y G S F S V T L D I 
train	0		K H R D T S E P G A C V M I L Y F 
train	0		A K P E G 
train	0		S A Y L A H R N Q S L D L A E Q E L V D C A S 
train	0		A T C D L L S G F G V G D S A C A A H C I A R R N R G G Y C N A K K V C V C R N 
train	0		G F G S L L G K A L R L G A N V L 
train	0		G E G A V Q W M N R L I A F A S R G N H V 
train	0		A N G I L N V S A V D K S T G 
train	0		Q P G P T 
train	0		A K C I K N G K G C R E D Q G P P F C C S G F C Y R Q V G W A R G Y C K N R 
train	0		K R F K Q D G G A S H A S P A S S 
train	0		I L R W P W W P W R R K 
train	0		P Y V R Y L 
train	0		V K K T C 
train	0		R A D H F L 
train	0		G R L I P T C K N L R P G P S P K E F E 
train	0		L W Y Y I A L K K L R K A F P N K Y V K M 
train	0		C L L C A Y S I E F G T N I S K 
train	0		E S Q I T T L I V S K P E R K 
train	0		A P V P P 
train	0		T T E W V E T T A R E L P I P 
train	0		L K D T Q 
train	0		G A I I G L M V G G V V I A 
train	0		K P Q E E K E K I T K E I L N G K 
train	0		D T A N W S W P D G A E L P F T I 
train	0		L E I V P K 
train	0		F L P F L A S L L S K V L 
train	0		G A P G P A G P G G I P G E R G 
train	0		Y H G Q R H S D E H H H D D S L P H P Q 
train	0		G F G C P N N Y A C H Q H C K S I R G Y C G G Y C A G W F R L R C T C Y R C G 
train	0		A V V E S N G T L T L S H F G K C 
train	0		I G M I F Q H F N L L S A K N V F E N V A 
train	0		K Y D F D G V N R G T R G T S 
train	0		V C Y N Q 
train	0		R T E Q K D F D G R S E F A Y G S F V R 
train	0		Y A E E R Y P I L 
train	0		F A L P Q Y 
train	0		R E L E E 
train	0		R W R Q I F N M V G F R N A V 
train	0		A S I N K F V V L I S A T L V L S F A I 
train	0		F L G A L F H A L S K L L 
train	0		F K G V D A Q G T L S K I F K L G G R 
train	0		L K L Y Q W I L K Q K S M A S E E I 
train	0		A Y T G V 
train	0		P L L C V G L R P Q W E 
train	0		N S T Y F P G K L R R V I G D 
train	0		K F K G K A T L T S D K 
train	0		K Y P V E P F T E S Q S L T L T D V E N L H L 
train	0		S F S V P T G Q P R P S H H G V F A F L 
train	0		D V F V I R E P F I S C S H L E 
train	0		F F S L L P S L I G G L V S A I K 
train	0		G F G C N G P W D E D D M Q C H N H C K S I K G Y K G G Y C A K G G F V C K C Y 
train	0		S M A T G W L Q N N G S W Y Y 
train	0		Q K F S E H F S I H C C P P F T F L N S K R 
train	0		G R R I T T R R I M E N G Q E 
train	0		I P L Y R N G D F F I S S K D 
train	0		R E L E E L 
train	0		G V E N G V K Y W L I A N S W N E G W G 
train	0		R E G D K H K L K K S E L K E L 
train	0		R A D H P 
train	0		Y F V G K M Y F N L I D 
train	0		A Y C L W M M L L I S Q A E A A L E L I T 
train	0		G E P G I A G F K G A Q G P K G E P G P A 
train	0		A A N K Q K Q E L D E I S T N I R Q A G 
train	0		K H L L A T S P K L A K Y L S 
train	0		D A Y P S G A W Y Y V P L G T Q Y T 
train	0		K F A Y P Q 
train	0		T T M L I Q D E D D L E M A 
train	0		G C F E D W S R C S P S T S R G T G V L W R D C D S Y C K V C F K A D R G E C F D S P S L N C P Q R L P N N K Q C R C I N A R T A K D N R N P T C W A 
train	0		G G G Y I T C P P Y V E V C Q 
train	0		K C T E E D S G S N G K K I T C E C T K 
train	0		E R R A K E K L Q E Q Q R D L E Q R K A D T K K 
train	0		S S K R G R Q T P V L Y A M L D H S R S 
train	0		Q R S R Q F Q N L Q N H R I V Q I E A K 
train	0		D G T Q Q F Y H Y A S S V K P A R V I F 
train	0		Y L A H K 
train	0		S K V Y P 
train	0		F L P I I A S V A A K V F S K I F C A I S K K C 
train	0		G P F P I I V 
train	0		R K V L E N R S L S D E E R M 
train	0		I C K I N V A V N I E P Q T Y 
train	0		G Q E Y T F Y V I V T P Y A K 
train	0		T P E V D D E A L E 
train	0		F L P L V T M L L G K L F 
train	0		F L G Y S I Y L N R K R R G D P A F K R R L R D 
train	0		K L Y K M A V A F M L A Y P Y 
train	0		T G P I P N S L P Q 
train	0		A L L G A Q P L L V L G F S G 
train	0		D N Q L Q N G I K R V K E F L 
train	0		M R K W F H N V L S S G Q L L A D K W P A W D Y N R K 
train	0		D R V Y I H P F H L 
train	0		P G T R I N Q E T V S L D A N G V S G S 
train	0		K F H S G I Q S E P K A I P 
train	0		P K Y V K Q N T L K L A T 
train	0		P K K G S K K A V T K A Q K K D G K K R K R S R 
train	0		D V A G I V G V P V A A G C T 
train	0		I N Y N L K Q H E T F K R R V 
train	0		G L I G L I G P P G E Q G E K 
train	0		K Y Y A D S V K G R F T I S R 
train	0		K M Q A M K L E K D N A M D R 
train	0		D A Y P S G A 
train	0		P T F T I E T T T L P Q D A V S R T 
train	0		A T P A T P T V A Q F V I Q G S T I C L V C 
train	0		E N T I K I Q E G S G L S K E E 
train	0		V K E L Q 
train	0		P Y Y L S D I T D A L S P Q V 
train	0		K L I A Y P I A V E A L S L 
train	0		I P P L T Q 
train	0		F K R L A K I K V L R L A K I K R 
train	0		T P E Q I K T L V E K L R Q T 
train	0		F R G L A K L L K I G L K S F A R V L K K V L P K A A K A G K A L A K S M A D E N A I R Q Q N Q 
train	0		K C E F Q D A Y V L L S E K K 
train	0		I V G R P R H Q G 
train	0		F L G A L F K V A S K V L P S V K C A I T K K C 
train	0		G K K V L Q 
train	0		S N E I L R L K G L M N S I L A Q N S G Q S L E Q 
train	0		F L P L I G K I L G T I L 
train	0		D R T G V R V L T M C P G V T 
train	0		P C H I A W 
train	0		V L P I P 
train	0		Y A V I T W R A L N K L 
train	0		N I P P L T Q T P V 
train	0		A L A F Q 
train	0		P A I K A W V A K R P P T D L 
train	0		W H H T F 
train	0		V R T P E 
train	0		F L L S Y G E K D F E D Y R F 
train	0		D E N S K Q K K W D P L K K E 
train	0		G I G G K I L S G L K T A L K G A A K E L A S T Y L H 
train	0		L G L L K L V A Q R R N L L K Y I 
train	0		E V E R K H P L G G S R P G R C P T V P P G T F G H C A C L C T G D A S E P K G Q K C C S N 
train	0		G K D F F K P L R I L L T G N S H G V E F 
train	0		S E F A Y G S F V R T V S L P V G A D E 
train	0		L D A Q S A P L R 
train	0		L S G T S M A S P H V C G L G A Y L I G 
train	0		L K D A Q 
train	0		A T C Y C R T G R C A T R E S L S G V C E I S G R L Y R L C C R 
train	0		I R R V T R V Y H N G I T G E T T T 
train	0		F L F R V A S K V F P A L I G K F K K K 
train	0		G R D Y R T C L T I V Q K L K K M V D K P T Q R S V S N A A T R V C R T G R S R W R D V C R N F M R R Y Q S R V T Q G L V A G E T A Q Q I C E D L R L C I P S T G P L 
train	0		S V P G V N P N N A A A L P G K 
train	0		E P G E V L V E I E T D K A Q M D F 
train	0		P L T Q T P 
train	0		Y N R L E K V E A D A Q V D R L I T G R 
train	0		K G T G N K N K I T I T N D Q N R L T P 
train	0		K K R F M K L N I N V S L P Q T L S L K 
train	0		F P P Q S V L 
train	0		V K A G F 
train	0		H T P G V H M A S L S V Y L K T N V F L 
train	0		D E E N G L D E Y D E V P M P V 
train	0		V I C T T K Q Y T R R C L S K 
train	0		L N E C Q 
train	0		A L A P E 
train	0		K S D N Q I K A V P A S Q A L 
train	0		Y P S F Q P Q P L I Y P 
train	0		Y E G E R A M T K D N N L L G 
train	0		C Q S Q L E R A N L R P C E Q H L M Q K 
train	0		W V P S V 
train	0		H E A C Y D Q R E P Q A W C R P 
train	0		R R P Q D V K F P G G G Q I V G G V Y 
train	0		P Q G P V P N T A L F S L V L 
train	0		L V Y P F P 
train	0		N T L Y S G H K D N L I R V W S I S D A E 
train	0		A G L L G V V S T V L L G G V 
train	0		A P S A K 
train	0		V D L L V N L L P A I L S P G A 
train	0		Q T D E I K N D N I Q T D E I K N D N I 
train	0		A L N E I N Q F Y Q K 
train	0		F V Q W F S K F L G R I L 
train	0		V V K D P Y K F L N K E K R D K F L 
train	0		G G R P T Y 
train	0		A E V D C S R F P N A T D K 
train	0		L H E P G 
train	0		N V I Y S Q N S F L P R A T T 
train	0		T N G I I R 
train	0		E R A N L R P C E Q H L M Q K I Q R D E 
train	0		G A T R D R P L W I I F S G N M N I K L 
train	0		Q F H Q P L V S H Q M R L S Q 
train	0		Y L V P Q L 
train	0		D F K L F A V Y I K Y R 
train	0		P S W G L A R V G S K K P G G T T Y Y Y 
train	0		A L Q Q I M E N Q S D R L Q G R Q Q E Q 
train	0		Y I S P Y F I N T S K G Q K C E F Q D A 
train	0		D I E L L K K I L A G G F I Q K Y D S V M Q 
train	0		S Q S K V L P V P Q 
train	0		S T G F Y L C T A R S S L G S 
train	0		I L P I L S L I G G L L G K 
train	0		P E K P A P A P E T P A P E A 
train	0		Y T L D Q V N Q H K K A I E E 
train	0		R S I K G F 
train	0		E A G F A K L A A S D S K S L 
train	0		D D T G H N F E N T G E A M 
train	0		N D Y S Y W L S I P A L M P M N M A P I 
train	0		G L P T C G E T C T L G T C Y V P D C S C S W P I C M K N 
train	0		I V V A D L F S A G M V T T S T T L A W 
train	0		E V K E K G M A A L P R L I A 
train	0		V V Y P W T Q R F 
train	0		M M E P M V K 
train	0		G F P G T P G L P G F 
train	0		V Q Y S R A D E E Q Q Q A L S S Q M G F 
train	0		A Q A A V V R F Q E A A N K Q K Q E L D 
train	0		G P R G F 
train	0		R S L T P C T C G S S D L Y L V T R 
train	0		K L V F F A E D V G S N K G A 
train	0		G C A S R C K A K C A G R R C K G W A S A S F R G R C Y C K C F R C 
train	0		F A A Q K A K A N K A V D 
train	0		V S K V K E T 
train	0		Q A E Q S L I V L E S D K A S M E I 
train	0		F A D K P D E S T L S P E M K E H Y D K 
train	0		G H F V K P E A F L P F S A G R R A C L 
train	0		K L G D K E M I Q H Y T L D Q 
train	0		E G E P R 
train	0		T P R V F 
train	0		F R V P T P N 
train	0		A Y K R Q 
train	0		T K K T K L T E E E K N R L 
train	0		M T S R D I E V Q G F R I P K G T T L I 
train	0		G V Y P H K 
train	0		A I S G S S L A H P Q R K I S 
train	0		L E F N Q 
train	0		V E L W P 
train	0		Y F S K A Y G V P S A Y I W E 
train	0		N L L R F 
train	0		D R K M Y W Q F K M D K I Q I 
train	0		P L E S P G G T M A P Q 
train	0		L K E L Q 
train	0		P L G G G S Q T W E G S G V L P C V G T 
train	0		G I P C G E S C V F I P C I S S V I G C S C S S K V C Y R N 
train	0		A S G R D I A M A I G T L S G Q F V A G G I G A A A G G V A G G A I Y D Y A S T H K P N P A M S P S G L G G T I K Q K P E G I P S E A W N Y A A G R L C N W S P N N L S D V C L 
train	0		P T H I K W 
train	0		S D P V L T P V Q S A G 
train	0		G A S R H W Y F L 
train	0		P T H D A W 
train	0		L A N V S T 
train	0		K D Q D K 
train	0		G P P G P P 
train	0		V K H W P W 
train	0		A A E F P D F Y D S E E Q M G P H Q E A E D E K D R A D Q R V L T E E E K K E L E N L A A M D L E L Q K I A E K F S Q R 
train	0		I K P L N Y 
train	0		L N D A L S L R T E A R A T Y 
train	0		I P S L E A A V K Q A Y A A T V A A A P Q 
train	0		G P G A G T P G G A 
train	0		V G I N Y W L A H K H K 
train	0		Y I P I Q Y V L S R 
train	0		F H L D L L L V V G M G G V A A 
train	0		G I A C G E S C V F L G C F I P G C S C K S K V C Y F N 
train	0		K L Q K T Y S Q Y K V Q Y D M 
train	0		P N R I K Y G D 
train	0		E E N V E H D A E E N V E H D A 
train	0		D K I Y P S F Q P Q P L I Y P 
train	0		A V R I G P C D Q V C P R I V P E R H E C C R A H G R S G Y A Y C S G G G M Y C N 
train	0		L P P P V H 
train	0		E N A R I L K N C V D A K M T E E 
train	0		G I K C R F C C G C C T P G I C G V C C R F 
train	0		R E K L Q L I L T L S R N A S L Y L N G A 
train	0		L V Y P F P G P I 
train	0		G T L V R I A P V I G A C M A R Q A 
train	0		V Y S L I R P N E N P A H K S Q L 
train	0		L I K G R T P I K F G K A D C D R P P K 
train	0		V L I L T V P L R R L I L P L I F R 
train	0		K A F D I T Y V R L K F 
train	0		E R T Y L V N D K A A K M H A 
train	0		G I N H E K Y N S S Q T I V S N A S 
train	0		T Q P K T N A I P Y 
train	0		L S V P D G L K V S N S S A R G 
train	0		G I A Y F S M V G N W A K V L 
train	0		G F G C P N D Y P C H R H C K S I P G R A G G Y C G G A H R L R C T C Y R 
train	0		K E A V P L E D L V L P E P V G 
train	0		Q L K S P G V T L R P D V Y G 
train	0		N A G F N S N R A N S S R S S 
train	0		K C I E W E K A Q H G A 
train	0		N M Y A M M I A R F K M F P E V K E K G 
train	0		S L V Y P 
train	0		D Y I I D H V D Q H N A T E I 
train	0		L I Y P F V E P I P 
train	0		G R H S A E Y Y N K Q Y L E R T R A E L D T A 
train	0		A I T A K L 
train	0		C T F T L P G G G G V C T L T S E C I C 
train	0		D Y S N T H S T R Y V 
train	0		R A D H R Y N D L G H R 
train	0		N T V Y F G F D K Y D I T G E 
train	0		A A P A N D K F T V F E A A F 
train	0		Y Q E P V L Q P V R 
train	0		E A D E P L W L Y K G D N I E R A P T T A D H P I L P S I I D D V K L D P N R R Y A 
train	0		D V Y A P G K D I T S L K P G G S T D T 
train	0		F L A T C I N G V C W T V Y H G A G 
train	0		V I Y N I N S T I V R S M K D L M Q 
train	0		V Y P F P G P I 
train	0		A R D L P G Q 
train	0		G N R F L A P D D Q I K 
train	0		I E M L F Y M K N L E R K K L Q S S 
train	0		Q A P L K F H F G L N L K L Y Q W I L 
train	0		Y G S L P Q K S Q R S Q D E N P V V H F F 
train	0		A L A S P G S C L E E F R A S P F L E C 
train	0		G F G C P G N Q L K C N N H C K S I S C R A G Y C D A A T L W L R C T C T D C N G K K 
train	0		L A I P V N K P 
train	0		F A Q T Q S 
train	0		Q N I P P 
train	0		P P E Q P F H S Y G V T Y T F A T D A 
train	0		V Y I H P F 
train	0		M P F P K Y P V Q P F 
train	0		E E Y L I L S A R D V L A V V S K 
train	0		G T D G V T Y T N D C L L C 
train	0		A F K L L G R I I H H V G N F V Y G F S H V F 
train	0		L H L P L L 
train	0		T R N L M G V S E L L I S T A 
train	0		C D V G S D W R F L R G Y H Q Y A Y D G K D 
train	0		R M L G Q T P 
train	0		F L P V I A G V A A K F L P K I F C A I T K K C 
train	0		L Y L K R K L I Y D A A V E G 
train	0		A V V P V L A Y A A A R L L L 
train	0		A W L H P G A P K V F 
train	0		K D E R F 
train	0		G T V G G T K Y G L A K G V S L V A V K 
train	0		N K W K K I L G K I I K V V K 
train	0		L L W L L L F L A I L I W M Y Y H G Q R 
train	0		D G D F A I V K F T K V L L D Y T G H I 
train	0		A H E P V K 
train	0		H H P H G H H P H G H H P H G H H P H G 
train	0		E L I H V L H G L Y G M Q V S S 
train	0		T R P Y R Y P R V C D A S L S 
train	0		S L G I L G I K N L I A A A V P K L T I E 
train	0		G D A C G E T C F T G I C F T A G C S C N P W P T C T R N 
train	0		A H I I I 
train	0		K K I I A E K T K I P A V F K 
train	0		G C I I T S L T G R D K N Q V E G E 
train	0		L V Y P T S L G F P L K L V L 
train	0		S F E Y F P S H F F V P E L E V T I I C 
train	0		G L F D I V K K I A G H I V S S I 
train	0		H P F A Q 
train	0		R G L E R A 
train	0		N R L T P E E I E R M V N D A E K F A E 
train	0		P D E D A I N D A L N K V C S T G R R Q R S I C K Q L L K K 
train	0		M A S V E V E S A A T A L P K N E T P E 
train	0		F L K W L F K W A K K 
train	0		V A P F P E V 
train	0		L S F L P S D F F P S V R D L 
train	0		A F P R S 
train	0		S D K T I D G R G V K V 
train	0		L P Q N I P P L T Q T P V V V P P F L Q P E V M G V S K 
train	0		G Q W R G A A G T A A Q A A V V R F Q E 
train	0		V D V S E G D I V I Y S K Y G 
train	0		H V I E V Q Q I N S E R S W F F 
train	0		N V T S I H S L L D E G K Q S L T K L A 
train	0		F L P F I A R L A A K V F P S I I C S V T K K C 
train	0		G F G C P N N Y Q C H R H C K S I P G R C G G Y C G G W H R L P C T C Y R C G 
train	0		V N D V C N F A S R N D Y S Y W L S T P A 
train	0		K Q K V A G P L C V R M D Q A I M 
train	0		F L I G M T Q G L I C L I T R K C 
train	0		F L P I V G R L I S G L L 
train	0		F G I N A E N N H R I F L A G 
train	0		E A H V K I T K L S D L K A I D D K 
train	0		G V G A G Y 
train	0		A F P P P N V P G P R F P P P N F P G P R F P P P N F P G P R F P P P N F P G P R F P P P N F P G P P F P P P I F P G P W F P P P P P F R P P P F G P P R F P 
train	0		L I S T A V Q G I L F A L L G A 
train	0		M G G V A A L F G M P W L S A 
train	0		D D M T M K P T P P P Q Y P L N L Q G G G G G G S G D G F G F A V Q G H Q K V W T S D N G R H E I G L N G G Y G Q H L G G P Y G N S E P S W K V G S T Y T Y R F P N F 
train	0		W N I N A 
train	0		S K D Q F E F A L T A V A E E V N A I L K A 
train	0		V L A Q Y K 
train	0		A L P K K L K Y L N L F N D G F N Y M G V V 
train	0		G L F A V I K K V A S V I K G L 
train	0		M C E S A S S K 
train	0		S I G W A Y Q Y A L S S D S K N L S D L K 
train	0		V T P V Y Y I P L E A V 
train	0		I Y F A A L S P A V T F G G L 
train	0		S V F N V V N S S I G L I M V L S F L F L N 
train	0		G A D L D K I G L H S D S Q E 
train	0		Y F L L K W L G H P N V S 
train	0		C I I H R G K P F Q L E A V F E A N Q N T K T A 
train	0		M P R W R L F R R I D R V G K Q I K Q G I L R A G P A I A L V G D A R A V G 
train	0		N F G S Q R F S K I A S N T Q S 
train	0		E Y L N K I Q N S L S T E W S P C S V T 
train	0		G R F D G T V E V K E G G F E 
train	0		T G P I P N 
train	0		Y Q E P V L G P V R G P F 
train	0		T A T E L N N A L Q N L A R T I S E A G 
train	0		G A A E L P C S A D W W 
train	0		I D W K K L L D A A K Q I L 
train	0		K E S W S Y I V E T P N P E N G T 
train	0		G L F D I I K K I A E S I 
train	0		A A P A E G E K P A E E E K P I T E A A 
train	0		L V Q G S 
train	0		R Q M V Q A M R A I G T H P S S S 
train	0		K I H P F A Q A Q 
train	0		V A G Y S Y T D A N K 
train	0		E K L I E T Y F S K N Y Q D Y E Y L I N V I 
train	0		Y Y A P F E 
train	0		S T S L V K A H S M R N S A S 
train	0		E L L A I T T V V G N Q 
train	0		E S V F S K I G N A V G P A A Y W I L K G L G N M S D V N Q A D R I N R K K H 
train	0		L N E N L L R F F V A P F P E V F G 
train	0		D F H I N Q 
train	0		E N F F K E I E R A G Q R I R D A I I S A A P A V E T L A Q A Q K I I K G G D 
train	0		V P P I P P 
train	0		Y V V K S F D R S T K V I D F H Y P N E 
train	0		F A K I I A K I A K I A K K I L 
train	0		S T H G V W 
train	0		E F T N V S C T T S K E C W S V C Q R L H N T S R G K C M N K K C R C Y S 
train	0		N K W E D K R L L Y S Q A 
train	0		P A L D S L T P A N E D Q K I G I E I I 
train	0		M H T D D 
train	0		L H G P Y P 
train	0		F V A P F P E V F G 
train	1		T L 
train	1		Y Q 
train	1		L P Q N I P P L T 
train	1		H P I N H R 
train	1		W V 
train	1		M Y P V D P N I E 
train	1		K V S V V A L 
train	1		P G 
train	1		F A Q T Q 
train	1		Y P S K P D N P G E 
train	1		A W 
train	1		M A P V D P N I E 
train	1		G E 
train	1		R L L L K L R Q 
train	1		K H 
train	1		T P V V V P P F L Q P E 
train	1		T K C E V F R E 
train	1		L G P V R G P F P 
train	1		I L D K E G I D Y 
train	1		V A P F P E 
train	1		F R 
train	1		W N 
train	1		L H L P L P L 
train	1		V E 
train	1		H K E M P F P K Y P 
train	1		I A V P T G V A 
train	1		S K 
train	1		L H L P L P 
train	1		L H 
train	1		Y G 
train	1		Y P F P G P I P D 
train	1		A L G G A 
train	1		W R R 
train	1		M G S F 
train	1		A V 
train	1		G L Q L P F S E E 
train	1		S P T V M F P P Q S V L 
train	1		I P A 
train	1		N P 
train	1		Q A 
train	1		Y P Y Y 
train	1		T Y 
train	1		Y P V E P F 
train	1		P G V G G P L G P I G P C Y G 
train	1		A P 
train	1		G P 
train	1		Q L 
train	1		Q P H Q P L P P T 
train	1		W Q 
train	1		F A G D D A P R A 
train	1		I A 
train	1		Y A K P A A V R 
train	1		I D A L N E N K 
train	1		I L E L A 
train	0		R A D H P F 
train	0		F A K L W A K L A K K L 
train	0		F L S L I P H A I N A V S A I A K H F 
train	0		Q G Y R V S S Y L P L L 
train	0		Y Q E V L G P V R G P F P I I V 
train	0		W V P S K K C H L T N I A C L 
train	0		K H L P L P 
train	0		Y P V Q P F T E 
train	0		G F G K A F H S V S N F A K K H K T A 
train	0		N G G Y L A A G K L T W A D F 
train	0		V N N L A R T T P D R Q A A C 
train	0		L H L P L P 
train	0		K R H R K V L R D N I Q G I T K P A I R R L A R 
train	0		T S Q D G N N H Q F T 
train	0		K N G D G Y 
train	0		Q L G F L G P R 
train	0		D Q V F P M N P P K 
train	0		R R V T E T R S S F S R V S G S P S S G F 
train	0		A T C D L L S M W N V N H S A C A A H C L L L G K S G G R C N D D A V C V C R K 
train	0		E S S P N T Q W E L R A F M A 
train	0		P S P A K P D P N L Y N T L D 
train	0		I E W E G 
train	0		L C G S H L V E A L Y L V C G E R 
train	0		V A F N M F T D N V D Q 
train	0		T S R N N P F Y F P S R R F S T R Y G N 
train	0		L S R G Q 
train	0		E R G D T 
train	0		G H K I A T F Q Q R 
train	0		N G S A A P Q L T K N A G V L T C I L S 
train	0		L G H T V C L S G F M G I D L 
train	0		Q S I A L S S L M V A Q A I P 
train	0		S S G K N E G T N I Y N N N E A F K V E 
train	0		E S K H G L T N T A S H T R L S C D 
train	0		A V T C N T V V S S L A P C V P F F A G S A A Q P T A A C C N G V R S L N S A A R T T P D R R T A C N C I K S S A S S I G L N Y N K A A K L P S R C T V N V T V P I S P S V N C A T 
train	0		A S Y D T K F 
train	0		L I D K V V K 
train	0		I V G R P R H 
train	0		L M N S P E F H L V F G E C E G V K I Q 
train	0		L P V P Q 
train	0		G F K L K G M A R I S C L P N G Q W S N F P P K C I R E C A M V S S 
train	0		F L P I V T N L L S G L L 
train	0		F Y P E L 
train	0		S T Y Q T 
train	0		F R G L M H Y 
train	0		V L D C D G S G S N S G V I K G M E W A 
train	0		E S S V D D R P M K T V S Q D 
train	0		A K Y T G K C T K S K N E C K Y K N D A G K D T F I K C P K F D N K K C T K D N N K C T V D T Y N N A V D C D 
train	0		R P K H P 
train	0		C D K K C I E W E K A Q 
train	0		Y N H N N L L T K F L S T G M V F E 
train	0		V K N V I G P F M K A V C V E 
train	0		M D F L I 
train	0		G R E N Y H G C T T H W G F T L C 
train	0		V I P E L 
